ID,AG,Gender,Scale,Relationship,sleep_hours,How_you_are_feeling?,How_do_you_describe_your_current_mood?,How_often_do_you_take_caffeine,Do_you_face_trouble_concentrating_or_focusing_on_stuffs?,Overthinking_a_lot_about_the_things_surrounding_us?
1,2,1,3,2,2,1,3,1,1,1
2,2,1,4,2,2,2,2,2,3,2
3,2,1,5,1,3,3,2,1,3,4
4,2,1,5,1,3,3,2,1,3,4
5,2,1,4,2,3,4,3,1,1,2
6,2,2,3,2,3,4,2,1,3,3
7,2,2,5,2,3,1,2,1,3,4
8,2,2,5,1,3,4,4,3,3,3
9,2,1,4,2,3,3,2,4,3,2
10,2,3,3,3,3,3,3,2,3,3
11,2,1,4,2,3,2,3,2,3,4
12,2,1,4,2,3,4,2,1,1,2
13,2,1,3,2,2,1,3,4,3,2
14,2,1,3,2,2,1,3,4,3,2
15,2,2,3,2,3,4,3,1,3,5
16,1,2,3,2,3,1,2,2,1,2
17,2,2,4,2,3,1,3,1,3,4
18,2,2,4,2,3,4,1,4,3,2
19,1,1,3,2,4,1,4,2,3,2
20,2,2,3,2,3,3,3,1,3,4
21,3,1,5,2,3,3,2,1,3,3
22,2,2,3,2,3,1,3,3,1,2
23,2,1,2,2,3,1,1,4,3,2
24,2,2,4,2,3,2,2,1,3,3
25,2,1,5,2,3,2,2,4,3,5
26,1,2,5,2,2,1,3,1,3,2
27,2,1,4,2,3,2,2,4,2,4
28,2,1,4,2,3,1,3,4,2,2
29,1,1,2,2,2,4,3,3,3,4
30,2,2,4,2,3,1,3,2,3,3
31,1,1,3,2,3,1,3,1,3,3
32,2,1,5,2,3,3,2,2,3,3
33,2,1,3,2,3,3,3,2,3,3
34,2,1,4,2,2,1,3,2,3,2
35,2,1,2,2,2,4,3,3,3,5
36,2,1,3,2,3,4,3,1,1,4
37,2,1,4,2,3,1,1,1,3,3
38,2,2,4,1,2,1,2,2,3,3
39,2,1,5,2,3,3,2,1,3,2
40,2,1,5,2,3,3,4,3,2,4
41,2,1,2,2,2,4,1,4,3,2
42,2,2,3,2,2,1,4,2,3,2
43,2,1,3,2,2,4,3,1,1,2
44,2,1,1,2,3,1,4,2,1,5
45,2,1,4,2,2,4,1,4,1,5
46,2,1,1,4,1,1,3,2,1,5
47,2,1,4,2,2,1,2,3,3,3
48,2,1,1,2,2,2,2,4,3,3
49,2,2,2,2,3,4,4,2,3,2
50,2,1,3,2,2,1,3,2,3,2
51,2,1,4,2,2,1,2,1,1,2
52,1,2,3,2,3,1,3,2,3,5
53,2,1,3,2,2,3,3,3,3,2
54,2,1,2,2,3,4,2,3,1,5
55,2,1,4,2,2,1,3,2,1,2
56,2,1,3,2,3,2,2,3,3,5
57,2,2,2,2,3,1,2,1,3,3
58,2,2,4,2,3,1,3,4,3,4
59,2,2,3,2,2,4,4,2,1,2
60,2,2,4,2,2,1,3,2,1,5
61,2,2,3,2,3,1,4,2,1,2
62,2,1,2,4,3,4,3,1,1,5
63,2,1,3,2,3,4,1,1,3,5
64,2,2,4,2,2,1,3,4,3,4
65,2,1,5,2,3,2,2,1,3,4
66,2,1,4,2,2,2,2,4,2,3
67,2,1,4,2,3,2,2,3,2,5
68,2,1,3,2,2,4,3,1,3,2
69,2,1,1,2,4,4,4,3,3,2
70,2,2,3,2,3,1,2,2,3,5
71,2,1,5,1,3,2,3,1,3,3
72,2,2,2,2,3,1,3,1,3,2
73,2,1,4,2,4,4,3,3,3,3
74,2,1,5,2,2,1,2,2,3,4
75,2,2,3,2,3,2,2,3,3,2
76,2,2,4,2,3,1,3,1,3,3
77,2,1,5,2,2,2,2,4,2,2
78,2,1,5,3,1,4,2,4,1,4
79,2,2,3,1,3,1,3,3,3,3
80,2,1,3,1,3,1,4,4,3,5
81,2,1,4,2,4,4,4,1,1,3
82,2,2,4,2,3,3,2,3,3,2
83,2,1,1,3,1,4,1,1,1,5
84,2,1,1,2,1,1,3,4,2,3
85,2,1,3,2,3,4,3,1,3,2
86,2,1,5,2,3,2,2,1,2,3
87,2,2,3,2,3,3,2,1,3,4
88,2,2,4,2,3,2,3,2,3,5
89,2,2,3,2,2,1,3,3,2,2
90,2,2,3,2,2,1,3,1,3,2
91,2,2,5,1,2,2,3,4,3,3
92,2,1,5,2,3,2,2,4,3,4
93,2,1,3,2,3,1,1,3,3,3
94,2,2,4,1,4,4,3,1,3,3
95,2,1,1,3,1,1,3,4,2,5
96,2,1,3,4,2,1,3,4,3,2
97,2,1,1,3,1,4,4,4,1,5
98,2,2,2,2,4,2,3,4,1,5
99,5,1,3,5,3,2,3,4,3,4
100,2,1,5,1,3,2,2,1,3,3
101,2,1,5,2,3,1,3,2,3,5
102,2,2,3,2,3,1,3,1,3,3
103,2,1,4,2,3,1,3,3,3,2
104,2,2,5,1,3,1,2,1,3,3
105,2,1,4,2,3,1,3,3,3,3
106,2,1,1,4,3,1,3,1,3,5
107,2,1,5,2,3,2,2,3,1,2
108,2,1,4,2,3,1,2,1,3,3
109,2,1,4,2,2,3,2,2,3,5
110,2,1,5,2,2,4,3,1,3,2
111,2,1,4,2,3,4,3,2,2,4
112,2,1,3,2,3,1,3,4,3,3
113,2,1,3,2,3,1,3,1,3,3
114,2,1,4,1,1,4,4,4,3,2
115,2,1,3,2,3,1,3,1,1,2
116,2,1,4,2,2,4,1,4,3,5
117,2,1,4,2,3,3,3,4,3,3
118,1,1,3,2,2,3,2,3,3,2
119,2,1,4,2,3,3,2,4,3,3
120,2,1,4,2,3,4,3,1,3,5
121,2,1,5,2,3,3,3,4,3,5
122,2,1,5,1,3,2,2,2,2,4
123,2,1,3,2,3,4,3,4,1,2
124,2,1,3,2,2,2,2,3,3,3
125,1,2,1,2,3,1,3,3,3,3
126,2,1,3,1,3,1,3,4,3,2
127,2,1,2,2,3,1,3,2,3,2
128,2,1,3,2,3,1,3,4,3,5
129,2,1,4,2,3,1,2,1,3,2
130,2,2,3,2,2,1,3,4,2,5
131,2,2,3,2,2,1,1,4,1,5
132,2,2,3,2,2,1,1,4,1,5
133,2,2,2,2,4,1,3,1,3,3
134,2,1,3,2,2,1,1,2,3,5
135,1,1,5,2,3,3,2,1,3,4
136,1,1,1,3,1,4,4,4,1,4
137,2,1,1,2,2,1,1,4,2,2
138,2,1,3,2,3,1,3,1,3,2
139,2,1,3,2,2,1,2,2,3,2
140,2,1,3,1,3,1,3,1,1,2
141,2,1,1,2,3,4,4,2,1,5
142,1,1,4,1,3,4,3,4,3,5
143,2,1,4,1,2,3,1,3,3,4
144,2,1,5,2,3,4,1,4,1,3
145,2,1,4,2,3,2,2,1,2,4
146,2,1,4,2,4,1,4,3,1,3
147,2,1,2,2,3,1,3,4,1,5
148,2,1,5,1,2,1,3,3,3,5
149,2,2,3,2,2,1,1,2,1,5
150,2,1,4,2,2,3,3,2,3,3
151,2,1,3,1,2,4,1,4,1,5
152,2,2,5,2,2,1,2,1,3,3
153,2,1,5,1,2,2,2,1,3,2
154,2,1,3,2,3,3,3,4,3,3
155,2,2,3,2,4,1,3,2,1,5
156,2,1,1,2,3,1,4,4,1,5
157,2,1,3,2,3,4,2,4,3,3
158,1,1,3,1,3,3,3,3,3,2
159,2,1,5,1,3,2,2,4,3,3
160,2,2,4,1,2,1,3,3,3,5
161,1,2,4,1,3,1,3,4,1,2
162,2,1,2,2,2,1,1,2,1,5
163,1,2,3,2,3,1,3,1,3,2
164,2,1,4,2,3,1,3,4,3,3
165,2,1,5,2,3,3,2,1,3,3
166,2,1,4,2,2,2,3,4,3,3
167,2,1,1,2,3,1,4,4,3,3
168,2,1,3,2,3,1,4,4,1,3
169,2,2,4,1,3,2,2,2,3,4
170,2,1,1,4,4,4,1,4,1,5
171,2,1,3,2,3,1,1,1,3,3
172,5,4,1,3,1,4,4,4,2,5
173,1,1,3,2,4,3,2,4,3,2
174,2,1,3,2,3,2,2,1,3,4
175,2,2,3,2,3,1,3,3,3,3
176,2,1,4,2,3,4,3,3,2,4
177,2,1,4,2,2,4,3,2,3,5
178,2,1,4,2,4,4,1,4,3,5
179,2,1,5,2,3,3,2,2,2,4
180,2,1,1,2,3,4,4,2,1,5
181,3,1,5,1,3,3,2,3,3,4
182,2,1,3,2,3,1,4,3,3,4
183,5,1,5,5,1,2,2,4,2,4
184,3,1,4,2,2,1,3,1,3,2
185,2,1,4,2,3,2,2,2,3,2
186,4,2,5,5,3,2,2,4,3,4
187,3,1,4,2,3,4,2,3,3,3
188,2,1,4,2,3,1,4,3,2,5
189,2,1,3,2,2,1,3,1,1,1
190,2,1,4,2,2,2,2,2,3,2
191,2,1,5,1,3,3,2,1,3,4
192,2,1,5,1,3,3,2,1,3,4
193,2,1,4,2,3,4,3,1,1,2
194,2,2,3,2,3,4,2,1,3,3
195,2,2,5,2,3,1,2,1,3,4
196,2,2,5,1,3,4,4,3,3,3
197,2,1,4,2,3,3,2,4,3,2
198,2,3,3,3,3,3,3,2,3,3
199,2,1,4,2,3,2,3,2,3,4
200,2,1,4,2,3,4,2,1,1,2
201,2,1,3,2,2,1,3,4,3,2
202,2,1,3,2,2,1,3,4,3,2
203,2,2,3,2,3,4,3,1,3,5
204,1,2,3,2,3,1,2,2,1,2
205,2,2,4,2,3,1,3,1,3,4
206,2,2,4,2,3,4,1,4,3,2
207,1,1,3,2,4,1,4,2,3,2
208,2,2,3,2,3,3,3,1,3,4
209,3,1,5,2,3,3,2,1,3,3
210,2,2,3,2,3,1,3,3,1,2
211,2,1,2,2,3,1,1,4,3,2
212,2,2,4,2,3,2,2,1,3,3
213,2,1,5,2,3,2,2,4,3,5
214,1,2,5,2,2,1,3,1,3,2
215,2,1,4,2,3,2,2,4,2,4
216,2,1,4,2,3,1,3,4,2,2
217,1,1,2,2,2,4,3,3,3,4
218,2,2,4,2,3,1,3,2,3,3
219,1,1,3,2,3,1,3,1,3,3
220,2,1,5,2,3,3,2,2,3,3
221,2,1,3,2,3,3,3,2,3,3
222,2,1,4,2,2,1,3,2,3,2
223,2,1,2,2,2,4,3,3,3,5
224,2,1,3,2,3,4,3,1,1,4
225,2,1,4,2,3,1,1,1,3,3
226,2,2,4,1,2,1,2,2,3,3
227,2,1,5,2,3,3,2,1,3,2
228,2,1,5,2,3,3,4,3,2,4
229,2,1,2,2,2,4,1,4,3,2
230,2,2,3,2,2,1,4,2,3,2
231,2,1,3,2,2,4,3,1,1,2
232,2,1,1,2,3,1,4,2,1,5
233,2,1,4,2,2,4,1,4,1,5
234,2,1,1,4,1,1,3,2,1,5
235,2,1,4,2,2,1,2,3,3,3
236,2,1,1,2,2,2,2,4,3,3
237,2,2,2,2,3,4,4,2,3,2
238,2,1,3,2,2,1,3,2,3,2
239,2,1,4,2,2,1,2,1,1,2
240,1,2,3,2,3,1,3,2,3,5
241,2,1,3,2,2,3,3,3,3,2
242,2,1,2,2,3,4,2,3,1,5
243,2,1,4,2,2,1,3,2,1,2
244,2,1,3,2,3,2,2,3,3,5
245,2,2,2,2,3,1,2,1,3,3
246,2,2,4,2,3,1,3,4,3,4
247,2,2,3,2,2,4,4,2,1,2
248,2,2,4,2,2,1,3,2,1,5
249,2,2,3,2,3,1,4,2,1,2
250,2,1,2,4,3,4,3,1,1,5
251,2,1,3,2,3,4,1,1,3,5
252,2,2,4,2,2,1,3,4,3,4
253,2,1,5,2,3,2,2,1,3,4
254,2,1,4,2,2,2,2,4,2,3
255,2,1,4,2,3,2,2,3,2,5
256,2,1,3,2,2,4,3,1,3,2
257,2,1,1,2,4,4,4,3,3,2
258,2,2,3,2,3,1,2,2,3,5
259,2,1,5,1,3,2,3,1,3,3
260,2,2,2,2,3,1,3,1,3,2
261,2,1,4,2,4,4,3,3,3,3
262,2,1,5,2,2,1,2,2,3,4
263,2,2,3,2,3,2,2,3,3,2
264,2,2,4,2,3,1,3,1,3,3
265,2,1,5,2,2,2,2,4,2,2
266,2,1,5,3,1,4,2,4,1,4
267,2,2,3,1,3,1,3,3,3,3
268,2,1,3,1,3,1,4,4,3,5
269,2,1,4,2,4,4,4,1,1,3
270,2,2,4,2,3,3,2,3,3,2
271,2,1,1,3,1,4,1,1,1,5
272,2,1,1,2,1,1,3,4,2,3
273,2,1,3,2,3,4,3,1,3,2
274,2,1,5,2,3,2,2,1,2,3
275,2,2,3,2,3,3,2,1,3,4
276,2,2,4,2,3,2,3,2,3,5
277,2,2,3,2,2,1,3,3,2,2
278,2,2,3,2,2,1,3,1,3,2
279,2,2,5,1,2,2,3,4,3,3
280,2,1,5,2,3,2,2,4,3,4
281,2,1,3,2,3,1,1,3,3,3
282,2,2,4,1,4,4,3,1,3,3
283,2,1,1,3,1,1,3,4,2,5
284,2,1,3,4,2,1,3,4,3,2
285,2,1,1,3,1,4,4,4,1,5
286,2,2,2,2,4,2,3,4,1,5
287,5,1,3,5,3,2,3,4,3,4
288,2,1,5,1,3,2,2,1,3,3
289,2,1,5,2,3,1,3,2,3,5
290,2,2,3,2,3,1,3,1,3,3
291,2,1,4,2,3,1,3,3,3,2
292,2,2,5,1,3,1,2,1,3,3
293,2,1,4,2,3,1,3,3,3,3
294,2,1,1,4,3,1,3,1,3,5
295,2,1,5,2,3,2,2,3,1,2
296,2,1,4,2,3,1,2,1,3,3
297,2,1,4,2,2,3,2,2,3,5
298,2,1,5,2,2,4,3,1,3,2
299,2,1,4,2,3,4,3,2,2,4
300,2,1,3,2,3,1,3,4,3,3
301,2,1,3,2,3,1,3,1,3,3
302,2,1,4,1,1,4,4,4,3,2
303,2,1,3,2,3,1,3,1,1,2
304,2,1,4,2,2,4,1,4,3,5
305,2,1,4,2,3,3,3,4,3,3
306,1,1,3,2,2,3,2,3,3,2
307,2,1,4,2,3,3,2,4,3,3
308,2,1,4,2,3,4,3,1,3,5
309,2,1,5,2,3,3,3,4,3,5
310,2,1,5,1,3,2,2,2,2,4
311,2,1,3,2,3,4,3,4,1,2
312,2,1,3,2,2,2,2,3,3,3
313,1,2,1,2,3,1,3,3,3,3
314,2,1,3,1,3,1,3,4,3,2
315,2,1,2,2,3,1,3,2,3,2
316,2,1,3,2,3,1,3,4,3,5
317,2,1,4,2,3,1,2,1,3,2
318,2,2,3,2,2,1,3,4,2,5
319,2,2,3,2,2,1,1,4,1,5
320,2,2,3,2,2,1,1,4,1,5
321,2,2,2,2,4,1,3,1,3,3
322,2,1,3,2,2,1,1,2,3,5
323,1,1,5,2,3,3,2,1,3,4
324,1,1,1,3,1,4,4,4,1,4
325,2,1,1,2,2,1,1,4,2,2
326,2,1,3,2,3,1,3,1,3,2
327,2,1,3,2,2,1,2,2,3,2
328,2,1,3,1,3,1,3,1,1,2
329,2,1,1,2,3,4,4,2,1,5
330,1,1,4,1,3,4,3,4,3,5
331,2,1,4,1,2,3,1,3,3,4
332,2,1,5,2,3,4,1,4,1,3
333,2,1,4,2,3,2,2,1,2,4
334,2,1,4,2,4,1,4,3,1,3
335,2,1,2,2,3,1,3,4,1,5
336,2,1,5,1,2,1,3,3,3,5
337,2,2,3,2,2,1,1,2,1,5
338,2,1,4,2,2,3,3,2,3,3
339,2,1,3,1,2,4,1,4,1,5
340,2,2,5,2,2,1,2,1,3,3
341,2,1,5,1,2,2,2,1,3,2
342,2,1,3,2,3,3,3,4,3,3
343,2,2,3,2,4,1,3,2,1,5
344,2,1,1,2,3,1,4,4,1,5
345,2,1,3,2,3,4,2,4,3,3
346,1,1,3,1,3,3,3,3,3,2
347,2,1,5,1,3,2,2,4,3,3
348,2,2,4,1,2,1,3,3,3,5
349,1,2,4,1,3,1,3,4,1,2
350,2,1,2,2,2,1,1,2,1,5
351,1,2,3,2,3,1,3,1,3,2
352,2,1,4,2,3,1,3,4,3,3
353,2,1,5,2,3,3,2,1,3,3
354,2,1,4,2,2,2,3,4,3,3
355,2,1,1,2,3,1,4,4,3,3
356,2,1,3,2,3,1,4,4,1,3
357,2,2,4,1,3,2,2,2,3,4
358,2,1,1,4,4,4,1,4,1,5
359,2,1,3,2,3,1,1,1,3,3
360,5,4,1,3,1,4,4,4,2,5
361,1,1,3,2,4,3,2,4,3,2
362,2,1,3,2,3,2,2,1,3,4
363,2,2,3,2,3,1,3,3,3,3
364,2,1,4,2,3,4,3,3,2,4
365,2,1,4,2,2,4,3,2,3,5
366,2,1,4,2,4,4,1,4,3,5
367,2,1,5,2,3,3,2,2,2,4
368,2,1,1,2,3,4,4,2,1,5
369,3,1,5,1,3,3,2,3,3,4
370,2,1,3,2,3,1,4,3,3,4
371,5,1,5,5,1,2,2,4,2,4
372,3,1,4,2,2,1,3,1,3,2
373,2,1,4,2,3,2,2,2,3,2
374,4,2,5,5,3,2,2,4,3,4
375,3,1,4,2,3,4,2,3,3,3
376,2,1,4,2,3,1,4,3,2,5
377,2,1,3,2,2,1,3,1,1,1
378,2,1,4,2,2,2,2,2,3,2
379,2,1,5,1,3,3,2,1,3,4
380,2,1,5,1,3,3,2,1,3,4
381,2,1,4,2,3,4,3,1,1,2
382,2,2,3,2,3,4,2,1,3,3
383,2,2,5,2,3,1,2,1,3,4
384,2,2,5,1,3,4,4,3,3,3
385,2,1,4,2,3,3,2,4,3,2
386,2,3,3,3,3,3,3,2,3,3
387,2,1,4,2,3,2,3,2,3,4
388,2,1,4,2,3,4,2,1,1,2
389,2,1,3,2,2,1,3,4,3,2
390,2,1,3,2,2,1,3,4,3,2
391,2,2,3,2,3,4,3,1,3,5
392,1,2,3,2,3,1,2,2,1,2
393,2,2,4,2,3,1,3,1,3,4
394,2,2,4,2,3,4,1,4,3,2
395,1,1,3,2,4,1,4,2,3,2
396,2,2,3,2,3,3,3,1,3,4
397,3,1,5,2,3,3,2,1,3,3
398,2,2,3,2,3,1,3,3,1,2
399,2,1,2,2,3,1,1,4,3,2
400,2,2,4,2,3,2,2,1,3,3
401,2,1,5,2,3,2,2,4,3,5
402,1,2,5,2,2,1,3,1,3,2
403,2,1,4,2,3,2,2,4,2,4
404,2,1,4,2,3,1,3,4,2,2
405,1,1,2,2,2,4,3,3,3,4
406,2,2,4,2,3,1,3,2,3,3
407,1,1,3,2,3,1,3,1,3,3
408,2,1,5,2,3,3,2,2,3,3
409,2,1,3,2,3,3,3,2,3,3
410,2,1,4,2,2,1,3,2,3,2
411,2,1,2,2,2,4,3,3,3,5
412,2,1,3,2,3,4,3,1,1,4
413,2,1,4,2,3,1,1,1,3,3
414,2,2,4,1,2,1,2,2,3,3
415,2,1,5,2,3,3,2,1,3,2
416,2,1,5,2,3,3,4,3,2,4
417,2,1,2,2,2,4,1,4,3,2
418,2,2,3,2,2,1,4,2,3,2
419,2,1,3,2,2,4,3,1,1,2
420,2,1,1,2,3,1,4,2,1,5
421,2,1,4,2,2,4,1,4,1,5
422,2,1,1,4,1,1,3,2,1,5
423,2,1,4,2,2,1,2,3,3,3
424,2,1,1,2,2,2,2,4,3,3
425,2,2,2,2,3,4,4,2,3,2
426,2,1,3,2,2,1,3,2,3,2
427,2,1,4,2,2,1,2,1,1,2
428,1,2,3,2,3,1,3,2,3,5
429,2,1,3,2,2,3,3,3,3,2
430,2,1,2,2,3,4,2,3,1,5
431,2,1,4,2,2,1,3,2,1,2
432,2,1,3,2,3,2,2,3,3,5
433,2,2,2,2,3,1,2,1,3,3
434,2,2,4,2,3,1,3,4,3,4
435,2,2,3,2,2,4,4,2,1,2
436,2,2,4,2,2,1,3,2,1,5
437,2,2,3,2,3,1,4,2,1,2
438,2,1,2,4,3,4,3,1,1,5
439,2,1,3,2,3,4,1,1,3,5
440,2,2,4,2,2,1,3,4,3,4
441,2,1,5,2,3,2,2,1,3,4
442,2,1,4,2,2,2,2,4,2,3
443,2,1,4,2,3,2,2,3,2,5
444,2,1,3,2,2,4,3,1,3,2
445,2,1,1,2,4,4,4,3,3,2
446,2,2,3,2,3,1,2,2,3,5
447,2,1,5,1,3,2,3,1,3,3
448,2,2,2,2,3,1,3,1,3,2
449,2,1,4,2,4,4,3,3,3,3
450,2,1,5,2,2,1,2,2,3,4
451,2,2,3,2,3,2,2,3,3,2
452,2,2,4,2,3,1,3,1,3,3
453,2,1,5,2,2,2,2,4,2,2
454,2,1,5,3,1,4,2,4,1,4
455,2,2,3,1,3,1,3,3,3,3
456,2,1,3,1,3,1,4,4,3,5
457,2,1,4,2,4,4,4,1,1,3
458,2,2,4,2,3,3,2,3,3,2
459,2,1,1,3,1,4,1,1,1,5
460,2,1,1,2,1,1,3,4,2,3
461,2,1,3,2,3,4,3,1,3,2
462,2,1,5,2,3,2,2,1,2,3
463,2,2,3,2,3,3,2,1,3,4
464,2,2,4,2,3,2,3,2,3,5
465,2,2,3,2,2,1,3,3,2,2
466,2,2,3,2,2,1,3,1,3,2
467,2,2,5,1,2,2,3,4,3,3
468,2,1,5,2,3,2,2,4,3,4
469,2,1,3,2,3,1,1,3,3,3
470,2,2,4,1,4,4,3,1,3,3
471,2,1,1,3,1,1,3,4,2,5
472,2,1,3,4,2,1,3,4,3,2
473,2,1,1,3,1,4,4,4,1,5
474,2,2,2,2,4,2,3,4,1,5
475,5,1,3,5,3,2,3,4,3,4
476,2,1,5,1,3,2,2,1,3,3
477,2,1,5,2,3,1,3,2,3,5
478,2,2,3,2,3,1,3,1,3,3
479,2,1,4,2,3,1,3,3,3,2
480,2,2,5,1,3,1,2,1,3,3
481,2,1,4,2,3,1,3,3,3,3
482,2,1,1,4,3,1,3,1,3,5
483,2,1,5,2,3,2,2,3,1,2
484,2,1,4,2,3,1,2,1,3,3
485,2,1,4,2,2,3,2,2,3,5
486,2,1,5,2,2,4,3,1,3,2
487,2,1,4,2,3,4,3,2,2,4
488,2,1,3,2,3,1,3,4,3,3
489,2,1,3,2,3,1,3,1,3,3
490,2,1,4,1,1,4,4,4,3,2
491,2,1,3,2,3,1,3,1,1,2
492,2,1,4,2,2,4,1,4,3,5
493,2,1,4,2,3,3,3,4,3,3
494,1,1,3,2,2,3,2,3,3,2
495,2,1,4,2,3,3,2,4,3,3
496,2,1,4,2,3,4,3,1,3,5
497,2,1,5,2,3,3,3,4,3,5
498,2,1,5,1,3,2,2,2,2,4
499,2,1,3,2,3,4,3,4,1,2
500,2,1,3,2,2,2,2,3,3,3
501,1,2,1,2,3,1,3,3,3,3
502,2,1,3,1,3,1,3,4,3,2
503,2,1,2,2,3,1,3,2,3,2
504,2,1,3,2,3,1,3,4,3,5
505,2,1,4,2,3,1,2,1,3,2
506,2,2,3,2,2,1,3,4,2,5
507,2,2,3,2,2,1,1,4,1,5
508,2,2,3,2,2,1,1,4,1,5
509,2,2,2,2,4,1,3,1,3,3
510,2,1,3,2,2,1,1,2,3,5
511,1,1,5,2,3,3,2,1,3,4
512,1,1,1,3,1,4,4,4,1,4
513,2,1,1,2,2,1,1,4,2,2
514,2,1,3,2,3,1,3,1,3,2
515,2,1,3,2,2,1,2,2,3,2
516,2,1,3,1,3,1,3,1,1,2
517,2,1,1,2,3,4,4,2,1,5
518,1,1,4,1,3,4,3,4,3,5
519,2,1,4,1,2,3,1,3,3,4
520,2,1,5,2,3,4,1,4,1,3
521,2,1,4,2,3,2,2,1,2,4
522,2,1,4,2,4,1,4,3,1,3
523,2,1,2,2,3,1,3,4,1,5
524,2,1,5,1,2,1,3,3,3,5
525,2,2,3,2,2,1,1,2,1,5
526,2,1,4,2,2,3,3,2,3,3
527,2,1,3,1,2,4,1,4,1,5
528,2,2,5,2,2,1,2,1,3,3
529,2,1,5,1,2,2,2,1,3,2
530,2,1,3,2,3,3,3,4,3,3
531,2,2,3,2,4,1,3,2,1,5
532,2,1,1,2,3,1,4,4,1,5
533,2,1,3,2,3,4,2,4,3,3
534,1,1,3,1,3,3,3,3,3,2
535,2,1,5,1,3,2,2,4,3,3
536,2,2,4,1,2,1,3,3,3,5
537,1,2,4,1,3,1,3,4,1,2
538,2,1,2,2,2,1,1,2,1,5
539,1,2,3,2,3,1,3,1,3,2
540,2,1,4,2,3,1,3,4,3,3
541,2,1,5,2,3,3,2,1,3,3
542,2,1,4,2,2,2,3,4,3,3
543,2,1,1,2,3,1,4,4,3,3
544,2,1,3,2,3,1,4,4,1,3
545,2,2,4,1,3,2,2,2,3,4
546,2,1,1,4,4,4,1,4,1,5
547,2,1,3,2,3,1,1,1,3,3
548,5,4,1,3,1,4,4,4,2,5
549,1,1,3,2,4,3,2,4,3,2
550,2,1,3,2,3,2,2,1,3,4
551,2,2,3,2,3,1,3,3,3,3
552,2,1,4,2,3,4,3,3,2,4
553,2,1,4,2,2,4,3,2,3,5
554,2,1,4,2,4,4,1,4,3,5
555,2,1,5,2,3,3,2,2,2,4
556,2,1,1,2,3,4,4,2,1,5
557,3,1,5,1,3,3,2,3,3,4
558,2,1,3,2,3,1,4,3,3,4
559,5,1,5,5,1,2,2,4,2,4
560,3,1,4,2,2,1,3,1,3,2
561,2,1,4,2,3,2,2,2,3,2
562,4,2,5,5,3,2,2,4,3,4
563,3,1,4,2,3,4,2,3,3,3
564,2,1,4,2,3,1,4,3,2,5
565,2,1,3,2,2,1,3,1,1,1
566,2,1,4,2,2,2,2,2,3,2
567,2,1,5,1,3,3,2,1,3,4
568,2,1,5,1,3,3,2,1,3,4
569,2,1,4,2,3,4,3,1,1,2
570,2,2,3,2,3,4,2,1,3,3
571,2,2,5,2,3,1,2,1,3,4
572,2,2,5,1,3,4,4,3,3,3
573,2,1,4,2,3,3,2,4,3,2
574,2,3,3,3,3,3,3,2,3,3
575,2,1,4,2,3,2,3,2,3,4
576,2,1,4,2,3,4,2,1,1,2
577,2,1,3,2,2,1,3,4,3,2
578,2,1,3,2,2,1,3,4,3,2
579,2,2,3,2,3,4,3,1,3,5
580,1,2,3,2,3,1,2,2,1,2
581,2,2,4,2,3,1,3,1,3,4
582,2,2,4,2,3,4,1,4,3,2
583,1,1,3,2,4,1,4,2,3,2
584,2,2,3,2,3,3,3,1,3,4
585,3,1,5,2,3,3,2,1,3,3
586,2,2,3,2,3,1,3,3,1,2
587,2,1,2,2,3,1,1,4,3,2
588,2,2,4,2,3,2,2,1,3,3
589,2,1,5,2,3,2,2,4,3,5
590,1,2,5,2,2,1,3,1,3,2
591,2,1,4,2,3,2,2,4,2,4
592,2,1,4,2,3,1,3,4,2,2
593,1,1,2,2,2,4,3,3,3,4
594,2,2,4,2,3,1,3,2,3,3
595,1,1,3,2,3,1,3,1,3,3
596,2,1,5,2,3,3,2,2,3,3
597,2,1,3,2,3,3,3,2,3,3
598,2,1,4,2,2,1,3,2,3,2
599,2,1,2,2,2,4,3,3,3,5
600,2,1,3,2,3,4,3,1,1,4
601,2,1,4,2,3,1,1,1,3,3
602,2,2,4,1,2,1,2,2,3,3
603,2,1,5,2,3,3,2,1,3,2
604,2,1,5,2,3,3,4,3,2,4
605,2,1,2,2,2,4,1,4,3,2
606,2,2,3,2,2,1,4,2,3,2
607,2,1,3,2,2,4,3,1,1,2
608,2,1,1,2,3,1,4,2,1,5
609,2,1,4,2,2,4,1,4,1,5
610,2,1,1,4,1,1,3,2,1,5
611,2,1,4,2,2,1,2,3,3,3
612,2,1,1,2,2,2,2,4,3,3
613,2,2,2,2,3,4,4,2,3,2
614,2,1,3,2,2,1,3,2,3,2
615,2,1,4,2,2,1,2,1,1,2
616,1,2,3,2,3,1,3,2,3,5
617,2,1,3,2,2,3,3,3,3,2
618,2,1,2,2,3,4,2,3,1,5
619,2,1,4,2,2,1,3,2,1,2
620,2,1,3,2,3,2,2,3,3,5
621,2,2,2,2,3,1,2,1,3,3
622,2,2,4,2,3,1,3,4,3,4
623,2,2,3,2,2,4,4,2,1,2
624,2,2,4,2,2,1,3,2,1,5
625,2,2,3,2,3,1,4,2,1,2
626,2,1,2,4,3,4,3,1,1,5
627,2,1,3,2,3,4,1,1,3,5
628,2,2,4,2,2,1,3,4,3,4
629,2,1,5,2,3,2,2,1,3,4
630,2,1,4,2,2,2,2,4,2,3
631,2,1,4,2,3,2,2,3,2,5
632,2,1,3,2,2,4,3,1,3,2
633,2,1,1,2,4,4,4,3,3,2
634,2,2,3,2,3,1,2,2,3,5
635,2,1,5,1,3,2,3,1,3,3
636,2,2,2,2,3,1,3,1,3,2
637,2,1,4,2,4,4,3,3,3,3
638,2,1,5,2,2,1,2,2,3,4
639,2,2,3,2,3,2,2,3,3,2
640,2,2,4,2,3,1,3,1,3,3
641,2,1,5,2,2,2,2,4,2,2
642,2,1,5,3,1,4,2,4,1,4
643,2,2,3,1,3,1,3,3,3,3
644,2,1,3,1,3,1,4,4,3,5
645,2,1,4,2,4,4,4,1,1,3
646,2,2,4,2,3,3,2,3,3,2
647,2,1,1,3,1,4,1,1,1,5
648,2,1,1,2,1,1,3,4,2,3
649,2,1,3,2,3,4,3,1,3,2
650,2,1,5,2,3,2,2,1,2,3
651,2,2,3,2,3,3,2,1,3,4
652,2,2,4,2,3,2,3,2,3,5
653,2,2,3,2,2,1,3,3,2,2
654,2,2,3,2,2,1,3,1,3,2
655,2,2,5,1,2,2,3,4,3,3
656,2,1,5,2,3,2,2,4,3,4
657,2,1,3,2,3,1,1,3,3,3
658,2,2,4,1,4,4,3,1,3,3
659,2,1,1,3,1,1,3,4,2,5
660,2,1,3,4,2,1,3,4,3,2
661,2,1,1,3,1,4,4,4,1,5
662,2,2,2,2,4,2,3,4,1,5
663,5,1,3,5,3,2,3,4,3,4
664,2,1,5,1,3,2,2,1,3,3
665,2,1,5,2,3,1,3,2,3,5
666,2,2,3,2,3,1,3,1,3,3
667,2,1,4,2,3,1,3,3,3,2
668,2,2,5,1,3,1,2,1,3,3
669,2,1,4,2,3,1,3,3,3,3
670,2,1,1,4,3,1,3,1,3,5
671,2,1,5,2,3,2,2,3,1,2
672,2,1,4,2,3,1,2,1,3,3
673,2,1,4,2,2,3,2,2,3,5
674,2,1,5,2,2,4,3,1,3,2
675,2,1,4,2,3,4,3,2,2,4
676,2,1,3,2,3,1,3,4,3,3
677,2,1,3,2,3,1,3,1,3,3
678,2,1,4,1,1,4,4,4,3,2
679,2,1,3,2,3,1,3,1,1,2
680,2,1,4,2,2,4,1,4,3,5
681,2,1,4,2,3,3,3,4,3,3
682,1,1,3,2,2,3,2,3,3,2
683,2,1,4,2,3,3,2,4,3,3
684,2,1,4,2,3,4,3,1,3,5
685,2,1,5,2,3,3,3,4,3,5
686,2,1,5,1,3,2,2,2,2,4
687,2,1,3,2,3,4,3,4,1,2
688,2,1,3,2,2,2,2,3,3,3
689,1,2,1,2,3,1,3,3,3,3
690,2,1,3,1,3,1,3,4,3,2
691,2,1,2,2,3,1,3,2,3,2
692,2,1,3,2,3,1,3,4,3,5
693,2,1,4,2,3,1,2,1,3,2
694,2,2,3,2,2,1,3,4,2,5
695,2,2,3,2,2,1,1,4,1,5
696,2,2,3,2,2,1,1,4,1,5
697,2,2,2,2,4,1,3,1,3,3
698,2,1,3,2,2,1,1,2,3,5
699,1,1,5,2,3,3,2,1,3,4
700,1,1,1,3,1,4,4,4,1,4
